Workbook

Sheet Table S2A
A1: Table S2A. EV Phenotype Counts and Fractions
A2: Raw EV Counts per Replicate
A3: Phenotype | B3: CD9/PE | C3: CD81/PE-Cy7 | D3: CD63/AF647 | E3: R1 | F3: R2 | G3: R3 | H3: R4 | I3: R5 | J3: Total | K3: SD
A4: +/+/+ | B4: + | C4: + | D4: + | E4: 147 | F4: 412 | G4: 190 | H4: 180 | I4: 240 | J4: =SUM(E4:I4) -> 1169 | K4: =STDEV(E4:I4) -> 105.04856
A5: +/+/- | B5: + | C5: + | D5: - | E5: 608 | F5: 1111 | G5: 573 | H5: 396 | I5: 928 | J5: =SUM(E5:I5) -> 3616 | K5: =STDEV(E5:I5) -> 289.49214
A6: +/-/+ | B6: + | C6: - | D6: + | E6: 137 | F6: 265 | G6: 148 | H6: 69 | I6: 121 | J6: =SUM(E6:I6) -> 740 | K6: =STDEV(E6:I6) -> 72.076348
A7: +/-/- | B7: + | C7: - | D7: - | E7: 777 | F7: 1028 | G7: 622 | H7: 269 | I7: 900 | J7: =SUM(E7:I7) -> 3596 | K7: =STDEV(E7:I7) -> 293.05068
A8: -/+/+ | B8: - | C8: + | D8: + | E8: 26 | F8: 75 | G8: 38 | H8: 26 | I8: 22 | J8: =SUM(E8:I8) -> 187 | K8: =STDEV(E8:I8) -> 21.858637
A9: -/+/- | B9: - | C9: + | D9: - | E9: 129 | F9: 247 | G9: 164 | H9: 160 | I9: 293 | J9: =SUM(E9:I9) -> 993 | K9: =STDEV(E9:I9) -> 68.529556
A10: -/-/+ | B10: - | C10: - | D10: + | E10: 297 | F10: 567 | G10: 365 | H10: 312 | I10: 500 | J10: =SUM(E10:I10) -> 2041 | K10: =STDEV(E10:I10) -> 119.51025
A11: -/-/- | B11: - | C11: - | D11: - | E11: 1036 | F11: 1629 | G11: 928 | H11: 755 | I11: 1317 | J11: =SUM(E11:I11) -> 5665 | K11: =STDEV(E11:I11) -> 344.30728
D12: Total | E12: =SUM(E4:E11) -> 3157 | F12: =SUM(F4:F11) -> 5334 | G12: =SUM(G4:G11) -> 3028 | H12: =SUM(H4:H11) -> 2167 | I12: =SUM(I4:I11) -> 4321 | J12: =SUM(J4:J11) -> 18007
A14: Fraction of Total EVs per Replicate
A15: Phenotype | B15: CD9/PE | C15: CD81/PE-Cy7 | D15: CD63/AF647 | E15: R1 | F15: R2 | G15: R3 | H15: R4 | I15: R5 | J15: Mean | K15: SD
A16: +/+/+ | B16: + | C16: + | D16: + | E16: =E4/E12 -> 0.046563193 | F16: =F4/F12 -> 0.077240345 | G16: =G4/G12 -> 0.062747688 | H16: =H4/H12 -> 0.083064144 | I16: =I4/I12 -> 0.055542698 | J16: =AVERAGE(E16:I16) -> 0.065031614 | K16: =STDEV(E16:I16) -> 0.015087774
A17: +/+/- | B17: + | C17: + | D17: - | E17: =E5/E12 -> 0.1925879 | F17: =F5/F12 -> 0.20828646 | G17: =G5/G12 -> 0.18923382 | H17: =H5/H12 -> 0.18274112 | I17: =I5/I12 -> 0.2147651 | J17: =AVERAGE(E17:I17) -> 0.19752288 | K17: =STDEV(E17:I17) -> 0.013460238
A18: +/-/+ | B18: + | C18: - | D18: + | E18: =E6/E12 -> 0.043395629 | F18: =F6/F12 -> 0.04968129 | G18: =G6/G12 -> 0.048877147 | H18: =H6/H12 -> 0.031841255 | I18: =I6/I12 -> 0.028002777 | J18: =AVERAGE(E18:I18) -> 0.04035962 | K18: =STDEV(E18:I18) -> 0.0099236239
A19: +/-/- | B19: + | C19: - | D19: - | E19: =E7/E12 -> 0.24611973 | F19: =F7/F12 -> 0.19272591 | G19: =G7/G12 -> 0.20541612 | H19: =H7/H12 -> 0.12413475 | I19: =I7/I12 -> 0.20828512 | J19: =AVERAGE(E19:I19) -> 0.19533633 | K19: =STDEV(E19:I19) -> 0.044510411
A20: -/+/+ | B20: - | C20: + | D20: + | E20: =E8/E12 -> 0.0082356668 | F20: =F8/F12 -> 0.014060742 | G20: =G8/G12 -> 0.012549538 | H20: =H8/H12 -> 0.011998154 | I20: =I8/I12 -> 0.005091414 | J20: =AVERAGE(E20:I20) -> 0.010387103 | K20: =STDEV(E20:I20) -> 0.0036551414
A21: -/+/- | B21: - | C21: + | D21: - | E21: =E9/E12 -> 0.040861577 | F21: =F9/F12 -> 0.046306712 | G21: =G9/G12 -> 0.054161162 | H21: =H9/H12 -> 0.073834795 | I21: =I9/I12 -> 0.067808378 | J21: =AVERAGE(E21:I21) -> 0.056594525 | K21: =STDEV(E21:I21) -> 0.013984486
A22: -/-/+ | B22: - | C22: - | D22: + | E22: =E10/E12 -> 0.094076655 | F22: =F10/F12 -> 0.10629921 | G22: =G10/G12 -> 0.12054161 | H22: =H10/H12 -> 0.14397785 | I22: =I10/I12 -> 0.11571396 | J22: =AVERAGE(E22:I22) -> 0.11612186 | K22: =STDEV(E22:I22) -> 0.018561602
A23: -/-/- | B23: - | C23: - | D23: - | E23: =E11/E12 -> 0.32815965 | F23: =F11/F12 -> 0.30539933 | G23: =G11/G12 -> 0.30647292 | H23: =H11/H12 -> 0.34840794 | I23: =I11/I12 -> 0.30479056 | J23: =AVERAGE(E23:I23) -> 0.31864608 | K23: =STDEV(E23:I23) -> 0.019312651
D24: Total | E24: =SUM(E16:E23) -> 1 | F24: =SUM(F16:F23) -> 1 | G24: =SUM(G16:G23) -> 1 | H24: =SUM(H16:H23) -> 1 | I24: =SUM(I16:I23) -> 1 | J24: =SUM(J16:J23) -> 1
A26: Fractions are live formulas (count ÷ replicate total); updating any count cell automatically recalculates all fractions. R4 had the lowest EV count (N = 2,167) and a markedly lower CD9⁺ fraction (42.2%) relative to R1–R3 and R5 (range: 50.6–52.9%), which contributes to the elevated CV observed for Population 3 mixing fraction estimates. Phenotype notation: CD9/CD81/CD63 positivity indicated as +/−.

Sheet Table S2B
A1: Table S2B
A2: A | K2: B | U2: C
A3: CD9 | B3: Fraction (%) | K3: CD81 | L3: Fraction (%) | U3: CD63 | V3: Fraction (%)
A4: Copy Number | B4: R1 | C4: R2 | D4: R3 | E4: R4 | F4: R5 | G4: CD9 Avg | H4: Stdev | K4: Copy Number | L4: R1 | M4: R2 | N4: R3 | O4: R4 | P4: R5 | Q4: CD81 Avg | R4: Stdev | U4: Copy Number | V4: R1 | W4: R2 | X4: R3 | Y4: R4 | Z4: R5 | AA4: CD63Avg | AB4: Stdev
A5: 1 | B5: 27.10935 | C5: 25.152929 | D5: 35.1439 | E5: 20.64522 | F5: 29.009038 | G5: =AVERAGE(B5:F5) -> 27.412088 | H5: =STDEVA(B5:F5) -> 5.3225258 | K5: 1 | L5: 24.193658 | M5: 17.76553 | N5: 20.549906 | O5: 26.820563 | P5: 18.684343 | Q5: =AVERAGE(L5:P5) -> 21.6028 | R5: =STDEVA(L5:P5) -> 3.817336 | U5: 1 | V5: 44.999397 | W5: 41.737138 | X5: 43.954459 | Y5: 43.41916 | Z5: 44.074022 | AA5: =AVERAGE(V5:Z5) -> 43.636835 | AB5: =STDEVA(V5:Z5) -> 1.2046599
A6: 2 | B6: 38.955515 | C6: 34.926807 | D6: 38.877588 | E6: 37.802114 | F6: 39.158645 | G6: =AVERAGE(B6:F6) -> 37.944134 | H6: =STDEVA(B6:F6) -> 1.7673213 | K6: 2 | L6: 32.193658 | M6: 23.765524 | N6: 27.579906 | O6: 19.829938 | P6: 28.684343 | Q6: =AVERAGE(L6:P6) -> 26.410673 | R6: =STDEVA(L6:P6) -> 4.7508548 | U6: 2 | V6: 44.999397 | W6: 44.315759 | X6: 43.954459 | Y6: 43.41916 | Z6: 44.074022 | AA6: =AVERAGE(V6:Z6) -> 44.152559 | AB6: =STDEVA(V6:Z6) -> 0.5759894
A7: 3 | B7: 30.919354 | C7: 24.846931 | D7: 23.543815 | E7: 30.525362 | F7: 30.302733 | G7: =AVERAGE(B7:F7) -> 28.027639 | H7: =STDEVA(B7:F7) -> 3.5354727 | K7: 3 | L7: 35.612685 | M7: 35.46894 | N7: 31.980189 | O7: 23.467499 | P7: 24.631314 | Q7: =AVERAGE(L7:P7) -> 30.232125 | R7: =STDEVA(L7:P7) -> 5.8429364 | U7: 3 | V7: 0 | W7: 2.578621 | X7: 0 | Y7: 0 | Z7: 0 | AA7: =AVERAGE(V7:Z7) -> 0.5157242 | AB7: =STDEVA(V7:Z7) -> 1.1531944
A8: 4 | B8: 0 | C8: 11.04 | D8: 0 | E8: 9.2562316 | F8: 0 | G8: =AVERAGE(B8:F8) -> 4.0592463 | H8: =STDEVA(B8:F8) -> 5.5940151 | K8: 4 | L8: 7.7642835 | M8: 23.000006 | N8: 19.876552 | O8: 29.876109 | P8: 26.176199 | Q8: =AVERAGE(L8:P8) -> 21.33863 | R8: =STDEVA(L8:P8) -> 8.4476528 | U8: 4 | V8: 0 | W8: 0 | X8: 0 | Y8: 0 | Z8: 0 | AA8: =AVERAGE(V8:Z8) -> 0 | AB8: =STDEVA(V8:Z8) -> 0
A9: 5 | B9: 0 | C9: 0 | D9: 0 | E9: 0 | F9: 0 | G9: =AVERAGE(B9:F9) -> 0 | H9: =STDEVA(B9:F9) -> 0 | K9: 5 | L9: 0 | M9: 0 | N9: 0 | O9: 0 | P9: 1.8176293 | Q9: =AVERAGE(L9:P9) -> 0.36352587 | R9: =STDEVA(L9:P9) -> 0.81286856 | U9: 5 | V9: 0 | W9: 0 | X9: 0 | Y9: 0 | Z9: 0 | AA9: =AVERAGE(V9:Z9) -> 0 | AB9: =STDEVA(V9:Z9) -> 0
A10: 6 | B10: 0 | C10: 0 | D10: 0 | E10: 0 | F10: 0 | G10: =AVERAGE(B10:F10) -> 0 | H10: =STDEVA(B10:F10) -> 0 | K10: 6 | L10: 0 | M10: 0 | N10: 0 | O10: 0 | P10: 0 | Q10: =AVERAGE(L10:P10) -> 0 | R10: =STDEVA(L10:P10) -> 0 | U10: 6 | V10: 0 | W10: 0 | X10: 0 | Y10: 0 | Z10: 0 | AA10: =AVERAGE(V10:Z10) -> 0 | AB10: =STDEVA(V10:Z10) -> 0
A11: 7 | B11: 0 | C11: 0 | D11: 0 | E11: 0 | F11: 0 | G11: =AVERAGE(B11:F11) -> 0 | H11: =STDEVA(B11:F11) -> 0 | K11: 7 | L11: 0 | M11: 0 | N11: 0 | O11: 0 | P11: 0 | Q11: =AVERAGE(L11:P11) -> 0 | R11: =STDEVA(L11:P11) -> 0 | U11: 7 | V11: 0 | W11: 0 | X11: 0 | Y11: 0 | Z11: 0 | AA11: =AVERAGE(V11:Z11) -> 0 | AB11: =STDEVA(V11:Z11) -> 0
A12: 8 | B12: 0 | C12: 0 | D12: 0 | E12: 0 | F12: 0 | G12: =AVERAGE(B12:F12) -> 0 | H12: =STDEVA(B12:F12) -> 0 | K12: 8 | L12: 0 | M12: 0 | N12: 0 | O12: 0 | P12: 0 | Q12: =AVERAGE(L12:P12) -> 0 | R12: =STDEVA(L12:P12) -> 0 | U12: 8 | V12: 0 | W12: 0 | X12: 0 | Y12: 0 | Z12: 0 | AA12: =AVERAGE(V12:Z12) -> 0 | AB12: =STDEVA(V12:Z12) -> 0
A13: 9 | B13: 3.0157808 | C13: 0 | D13: 0 | E13: 0 | F13: 0 | G13: =AVERAGE(B13:F13) -> 0.60315616 | H13: =STDEVA(B13:F13) -> 1.3486982 | K13: 9 | L13: 0 | M13: 0 | N13: 0 | O13: 0 | P13: 0 | Q13: =AVERAGE(L13:P13) -> 0 | R13: =STDEVA(L13:P13) -> 0 | U13: 9 | V13: 10.001206 | W13: 11.368481 | X13: 12.091082 | Y13: 11.889729 | Z13: 11.851956 | AA13: =AVERAGE(V13:Z13) -> 11.440491 | AB13: =STDEVA(V13:Z13) -> 0.84721804
A14: 10 | B14: 0 | C14: 0 | D14: 0 | E14: 0 | F14: 0 | G14: =AVERAGE(B14:F14) -> 0 | H14: =STDEVA(B14:F14) -> 0 | K14: 10 | L14: 0 | M14: 0 | N14: 0 | O14: 0 | P14: 0 | Q14: =AVERAGE(L14:P14) -> 0 | R14: =STDEVA(L14:P14) -> 0 | U14: 10 | V14: 0 | W14: 0 | X14: 0 | Y14: 0.14614099 | Z14: 0 | AA14: =AVERAGE(V14:Z14) -> 0.029228197 | AB14: =STDEVA(V14:Z14) -> 0.065356236
A15: 11 | B15: 0 | C15: 0 | D15: 0 | E15: 0 | F15: 0 | G15: =AVERAGE(B15:F15) -> 0 | H15: =STDEVA(B15:F15) -> 0 | K15: 11 | L15: 0 | M15: 0 | N15: 0 | O15: 0 | P15: 0 | Q15: =AVERAGE(L15:P15) -> 0 | R15: =STDEVA(L15:P15) -> 0 | U15: 11 | V15: 0 | W15: 0 | X15: 0 | Y15: 0 | Z15: 0 | AA15: =AVERAGE(V15:Z15) -> 0 | AB15: =STDEVA(V15:Z15) -> 0
A16: 12 | B16: 0 | C16: 1.2766346 | D16: 0 | E16: 0 | F16: 0 | G16: =AVERAGE(B16:F16) -> 0.25532692 | H16: =STDEVA(B16:F16) -> 0.57092835 | K16: 12 | L16: 0 | M16: 0 | N16: 0 | O16: 0 | P16: 0 | Q16: =AVERAGE(L16:P16) -> 0 | R16: =STDEVA(L16:P16) -> 0 | U16: 12 | V16: 0 | W16: 0 | X16: 0 | Y16: 0 | Z16: 0 | AA16: =AVERAGE(V16:Z16) -> 0 | AB16: =STDEVA(V16:Z16) -> 0
... A24: 20 | B24: 0 | C24: 0 | D24: 0 | E24: 0 | F24: 0 | G24: =AVERAGE(B24:F24) -> 0 | H24: =STDEVA(B24:F24) -> 0 | K24: 20 | L24: 0 | M24: 0 | N24: 0 | O24: 0 | P24: 0 | Q24: =AVERAGE(L24:P24) -> 0 | R24: =STDEVA(L24:P24) -> 0 | U24: 20 | V24: 0 | W24: 0 | X24: 0 | Y24: 0 | Z24: 0 | AA24: =AVERAGE(V24:Z24) -> 0 | AB24: =STDEVA(V24:Z24) -> 0
A25: Avg Copy Number | B25: 2.26 | C25: 2.69 | D25: 2.19 | E25: 2.5 | F25: 2.19 | G25: =AVERAGE(B25:F25) -> 2.366 | H25: =STDEVA(B25:F25) -> 0.22142719 | K25: Avg Copy Number | L25: 2.27 | M25: 2.64 | N25: 2.52 | O25: 2.56 | P25: 2.64 | Q25: =AVERAGE(L25:P25) -> 2.526 | R25: =STDEVA(L25:P25) -> 0.15224979 | U25: Avg Copy Number | V25: 2.25 | W25: 2.43 | X25: 2.42 | Y25: 2.39 | Z25: 2.39 | AA25: =AVERAGE(V25:Z25) -> 2.376 | AB25: =STDEVA(V25:Z25) -> 0.072663608
A27: High Copy-Number Tail Analysis — Population Size Estimates (CN >= 9) | U27: High Copy-Number Tail Analysis — Population Size Estimates (CN >= 9)
A28: Metric | B28: R1 | C28: R2 | D28: R3 | E28: R4 | F28: R5 | G28: Mean | H28: SD | U28: Metric | V28: R1 | W28: R2 | X28: R3 | Y28: R4 | Z28: R5 | AA28: Mean | AB28: SD
A29: CN threshold = 9 | P(CD9+) = 0.5065 (from Table S2C) | U29: CN threshold = 9 | P(CD63+) = 0.2297 (from Table S2C)
A30: % of marker+ EVs at CN>=9 | B30: 3.02 | C30: 4.04 | D30: 2.43 | E30: 1.77 | F30: 1.53 | G30: 2.56 | H30: 1.01 | V30: 10 | W30: 11.37 | X30: 12.09 | Y30: 12.04 | Z30: 11.85 | AA30: 11.47 | AB30: 0.87
A31: Conversion: multiply by P(CD9+) = 0.5065 to express as % of all EVs | U31: Conversion: multiply by P(CD63+) = 0.2297 to express as % of all EVs
A32: % of all EVs (= row above × P(marker+)) | B32: 1.53 | C32: 2.05 | D32: 1.23 | E32: 0.9 | F32: 0.77 | G32: 1.3 | H32: 0.51 | V32: 2.3 | W32: 2.61 | X32: 2.78 | Y32: 2.76 | Z32: 2.72 | AA32: 2.63 | AB32: 0.2
A33: Population 3 (CD9-high): Mean 1.30% ± 0.51% of all EVs | 2.56% ± 1.01% of CD9+ EVs | CV = 0.396 | U33: Population 2 (CD63-high): Mean 2.63% ± 0.20% of all EVs | 11.47% ± 0.87% of CD63+ EVs | CV = 0.076
A34: CN>=9 threshold identified from bimodal inflection in Charts 5a (CD9) and 5c (CD63). % of all EVs = (% of marker+ EVs at CN>=9) x P(marker+). P(marker+) from Table S2C pooled frequencies. SD computed across 5 replicates (ddof=1). | U34: CN>=9 threshold identified from bimodal inflection in Charts 5a (CD9) and 5c (CD63). % of all EVs = (% of marker+ EVs at CN>=9) x P(marker+). P(marker+) from Table S2C pooled frequencies. SD computed across 5 replicates (ddof=1).

Sheet Table S2C
B1: Table S2C
B2: Marginal Marker Frequency
B3: Marker | C3: R1 | D3: R2 | E3: R3 | F3: R4 | G3: R5 | H3: Mean | I3: SD | J3: CV | K3: Pooled*
B4: P(CD9+) | C4: 0.5287 | D4: 0.5279 | E4: 0.5063 | F4: 0.4218 | G4: 0.5066 | H4: =AVERAGE(C4:G4) -> 0.49826 | I4: =STDEV(C4:G4) -> 0.044117604 | J4: =I4/H4 -> 0.088543339 | K4: 0.5065
B5: P(CD81+) | C5: 0.2882 | D5: 0.3459 | E5: 0.3187 | F5: 0.3516 | G5: 0.3432 | H5: =AVERAGE(C5:G5) -> 0.32952 | I5: =STDEV(C5:G5) -> 0.026302985 | J5: =I5/H5 -> 0.079822119 | K5: 0.3313
B6: P(CD63+) | C6: 0.1923 | D6: 0.2473 | E6: 0.2447 | F6: 0.2709 | G6: 0.2044 | H6: =AVERAGE(C6:G6) -> 0.23192 | I6: =STDEV(C6:G6) -> 0.032582234 | J6: =I6/H6 -> 0.14048911 | K6: 0.2297
B7: * Pooled is different than Mean due to different population sizes across replicas

Sheet Table S2D
A1: Table S2D. Pairwise 2×2 Contingency Tables — Observed, Expected, Chi² and D | All counts linked from '3-Way Chi-Square' sheet
A3: CD9 vs CD81 | G3: CD9 vs CD63 | M3: CD81 vs CD63
B4: CD81+ | C4: CD81− | D4: Row Total | H4: CD63+ | I4: CD63− | J4: Row Total | N4: CD63+ | O4: CD63− | P4: Row Total
A5: CD9+ | B5: ='Table S2E'!B23+'Table S2E'!B24 -> 4785 | C5: ='Table S2E'!B25+'Table S2E'!B26 -> 4336 | D5: ='Table S2E'!B23+'Table S2E'!B24+'Table S2E'!B25+'Table S2E'!B26 -> 9121 | G5: CD9+ | H5: ='Table S2E'!B23+'Table S2E'!B25 -> 1909 | I5: ='Table S2E'!B24+'Table S2E'!B26 -> 7212 | J5: ='Table S2E'!B23+'Table S2E'!B25+'Table S2E'!B24+'Table S2E'!B26 -> 9121 | M5: CD81+ | N5: ='Table S2E'!B23+'Table S2E'!B27 -> 1356 | O5: ='Table S2E'!B24+'Table S2E'!B28 -> 4609 | P5: ='Table S2E'!B23+'Table S2E'!B27+'Table S2E'!B24+'Table S2E'!B28 -> 5965
A6: CD9− | B6: ='Table S2E'!B27+'Table S2E'!B28 -> 1180 | C6: ='Table S2E'!B29+'Table S2E'!B30 -> 7706 | D6: ='Table S2E'!B27+'Table S2E'!B28+'Table S2E'!B29+'Table S2E'!B30 -> 8886 | G6: CD9− | H6: ='Table S2E'!B27+'Table S2E'!B29 -> 2228 | I6: ='Table S2E'!B28+'Table S2E'!B30 -> 6658 | J6: ='Table S2E'!B27+'Table S2E'!B29+'Table S2E'!B28+'Table S2E'!B30 -> 8886 | M6: CD81− | N6: ='Table S2E'!B25+'Table S2E'!B29 -> 2781 | O6: ='Table S2E'!B26+'Table S2E'!B30 -> 9261 | P6: ='Table S2E'!B25+'Table S2E'!B29+'Table S2E'!B26+'Table S2E'!B30 -> 12042
A7: Col Total | B7: ='Table S2E'!B23+'Table S2E'!B24+'Table S2E'!B27+'Table S2E'!B28 -> 5965 | C7: ='Table S2E'!B25+'Table S2E'!B26+'Table S2E'!B29+'Table S2E'!B30 -> 12042 | D7: ='Table S2E'!B23+'Table S2E'!B24+'Table S2E'!B25+'Table S2E'!B26+'Table S2E'!B27+'Table S2E'!B28+'Table S2E'!B29+'Table S2E'!B30 -> 18007 | G7: Col Total | H7: ='Table S2E'!B23+'Table S2E'!B25+'Table S2E'!B27+'Table S2E'!B29 -> 4137 | I7: ='Table S2E'!B24+'Table S2E'!B26+'Table S2E'!B28+'Table S2E'!B30 -> 13870 | J7: ='Table S2E'!B23+'Table S2E'!B25+'Table S2E'!B24+'Table S2E'!B26+'Table S2E'!B27+'Table S2E'!B29+'Table S2E'!B28+'Table S2E'!B30 -> 18007 | M7: Col Total | N7: ='Table S2E'!B23+'Table S2E'!B27+'Table S2E'!B25+'Table S2E'!B29 -> 4137 | O7: ='Table S2E'!B24+'Table S2E'!B28+'Table S2E'!B26+'Table S2E'!B30 -> 13870 | P7: ='Table S2E'!B23+'Table S2E'!B27+'Table S2E'!B24+'Table S2E'!B28+'Table S2E'!B25+'Table S2E'!B29+'Table S2E'!B26+'Table S2E'!B30 -> 18007
A8: Expected counts (E = N × P(A) × P(B)) | G8: Expected counts (E = N × P(A) × P(B)) | M8: Expected counts (E = N × P(A) × P(B))
A9: CD9+ | B9: ='Table S2E'!C15*'Table S2E'!C16*'Table S2E'!C17 -> 3021.4231 | C9: ='Table S2E'!C15*'Table S2E'!C16*(1-'Table S2E'!C17) -> 6099.5769 | D9: ='Table S2E'!C15*'Table S2E'!C16 -> 9121 | G9: CD9+ | H9: ='Table S2E'!C15*'Table S2E'!C16*'Table S2E'!C18 -> 2095.4949 | I9: ='Table S2E'!C15*'Table S2E'!C16*(1-'Table S2E'!C18) -> 7025.5051 | J9: ='Table S2E'!C15*'Table S2E'!C16 -> 9121 | M9: CD81+ | N9: ='Table S2E'!C15*'Table S2E'!C17*'Table S2E'!C18 -> 1370.4229 | O9: ='Table S2E'!C15*'Table S2E'!C17*(1-'Table S2E'!C18) -> 4594.5771 | P9: ='Table S2E'!C15*'Table S2E'!C17 -> 5965
A10: CD9− | B10: ='Table S2E'!C15*(1-'Table S2E'!C16)*'Table S2E'!C17 -> 2943.5769 | C10: ='Table S2E'!C15*(1-'Table S2E'!C16)*(1-'Table S2E'!C17) -> 5942.4231 | D10: ='Table S2E'!C15*(1-'Table S2E'!C16) -> 8886 | G10: CD9− | H10: ='Table S2E'!C15*(1-'Table S2E'!C16)*'Table S2E'!C18 -> 2041.5051 | I10: ='Table S2E'!C15*(1-'Table S2E'!C16)*(1-'Table S2E'!C18) -> 6844.4949 | J10: ='Table S2E'!C15*(1-'Table S2E'!C16) -> 8886 | M10: CD81− | N10: ='Table S2E'!C15*(1-'Table S2E'!C17)*'Table S2E'!C18 -> 2766.5771 | O10: ='Table S2E'!C15*(1-'Table S2E'!C17)*(1-'Table S2E'!C18) -> 9275.4229 | P10: ='Table S2E'!C15*(1-'Table S2E'!C17) -> 12042
A11: Chi-square contributions (O−E)²/E | G11: Chi-square contributions (O−E)²/E | M11: Chi-square contributions (O−E)²/E
A12: CD9+ | B12: =(B5-B9)^2/B9 -> 1029.3837 | C12: =(C5-C9)^2/C9 -> 509.90481 | G12: CD9+ | H12: =(H5-H9)^2/H9 -> 16.59768 | I12: =(I5-I9)^2/I9 -> 4.9505842 | M12: CD81+ | N12: =(N5-N9)^2/N9 -> 0.15179241 | O12: =(O5-O9)^2/O9 -> 0.045275067
A13: CD9− | B13: =(B6-B10)^2/B10 -> 1056.6069 | C13: =(C6-C10)^2/C10 -> 523.3898 | G13: CD9− | H13: =(H6-H10)^2/H10 -> 17.036624 | I13: =(I6-I10)^2/I10 -> 5.0815079 | M13: CD81− | N13: =(N6-N10)^2/N10 -> 0.075190309 | O13: =(O6-O10)^2/O10 -> 0.022426987
A14: Test Statistics | G14: Test Statistics | M14: Test Statistics
A15: χ² (df=1) | B15: = | C15: =B12+C12+B13+C13 -> 3119.2852 | G15: χ² (df=1) | H15: = | I15: =H12+I12+H13+I13 -> 43.666396 | M15: χ² (df=1) | N15: = | O15: =N12+O12+N13+O13 -> 0.29468477
A16: p-value | B16: = | C16: =IFERROR(1-_xludf.gamma.dist(C15,0.5,2,TRUE()),1-GAMMADIST(C15,0.5,2,TRUE())) -> 0 | G16: p-value | H16: = | I16: =IFERROR(1-_xludf.gamma.dist(I15,0.5,2,TRUE()),1-GAMMADIST(I15,0.5,2,TRUE())) -> 3.8940073e-11 | M16: p-value | N16: = | O16: =IFERROR(1-_xludf.gamma.dist(O15,0.5,2,TRUE()),1-GAMMADIST(O15,0.5,2,TRUE())) -> 0.58723394
A17: Significance | B17: = | C17: =IF(C16<0.001,"***",IF(C16<0.01,"**",IF(C16<0.05,"*","ns"))) -> *** | G17: Significance | H17: = | I17: =IF(I16<0.001,"***",IF(I16<0.01,"**",IF(I16<0.05,"*","ns"))) -> *** | M17: Significance | N17: = | O17: =IF(O16<0.001,"***",IF(O16<0.01,"**",IF(O16<0.05,"*","ns"))) -> ns
A18: Cramér's V | B18: = | C18: =SQRT(C15/'Table S2E'!C15) -> 0.41620458 | G18: Cramér's V | H18: = | I18: =SQRT(I15/'Table S2E'!C15) -> 0.049243963 | M18: Cramér's V | N18: = | O18: =SQRT(O15/'Table S2E'!C15) -> 0.0040453692
A19: Odds Ratio | B19: = | C19: =(B5*C6)/(C5*B6) -> 7.2067535 | G19: Odds Ratio | H19: = | I19: =(H5*I6)/(I5*H6) -> 0.79100425 | M19: Odds Ratio | N19: = | O19: =(N5*O6)/(O5*N6) -> 0.97973783
A20: D coefficient | B20: = | C20: =B5/'Table S2E'!C15-'Table S2E'!C16*'Table S2E'!C17 -> 0.09793841 | G20: D coefficient | H20: = | I20: =H5/'Table S2E'!C15-'Table S2E'!C16*'Table S2E'!C18 -> -0.010356801 | M20: D coefficient | N20: = | O20: =N5/'Table S2E'!C15-'Table S2E'!C17*'Table S2E'!C18 -> -0.00080096024
A22: NOTES: All observed counts link directly to the 8-cell three-way table on the '3-Way Chi-Square' sheet. Pairwise counts are marginal sums (e.g. CD9+ CD81+ = all EVs where CD9=+ and CD81=+, regardless of CD63 status). Marginal probabilities p_CD9, p_CD81, p_CD63 and N also link to '3-Way Chi-Square'!C15:C18. Yellow cells = observed counts (linked). Blue cells = calculated formulas. p-values use IFERROR(1-GAMMA.DIST(...), 1-GAMMADIST(...)) for Excel/LibreOffice compatibility. D coefficient = P(A+,B+) − P(A+)×P(B+) = linkage disequilibrium coefficient.

Sheet Table S2E
A1: Table S2E. Three-Way Independence Test: CD9 × CD81 × CD63 | Excel Formula Reference
A3: Part 1 — Summary Statistics
A4: Row | B4: Parameter | C4: Value | D4: Excel Formula (in column D)
A5: B5 | B5: Test | C5: CD9 × CD81 × CD63 (3-way) | D5: Text label only — no calculation
A6: B6 | B6: Chi2 | C6: =SUM(D23:D30) -> 3272.3673 | D6: Formula: =SUM(D23:D30) Sum of 8 per-cell chi-square contributions (column D). Each cell contributes (Observed − Expected)² / Expected.
A7: B7 | B7: df | C7: 4 | D7: Formula: =8 − 1 − 3 = 4 8 phenotype cells minus 1 (grand total) minus 3 marginal constraints (one per binary marker: CD9, CD81, CD63).
A8: B8 | B8: p_value | C8: =IFERROR(1-_xludf.gamma.dist(C6,C7/2,2,TRUE()),1-GAMMADIST(C6,C7/2,2,TRUE())) -> 0 | D8: Formula: =IFERROR(1-GAMMA.DIST(C6,C7/2,2,TRUE), 1-GAMMADIST(C6,C7/2,2,TRUE)) Right-tail p-value: P(chi-squared(df) >= observed chi-squared). Uses the incomplete gamma function: p = 1 - GammaCDF(chi2/2, df/2). GAMMA.DIST = Excel 2010+ name; GAMMADIST = LibreOffice / legacy Excel. IFERROR tries GAMMA.DIST first and falls back to GAMMADIST automatically. Works correctly in Excel and LibreOffice without manual changes.
A9: B9 | B9: Significance | C9: =IF(C8<0.001,"***",IF(C8<0.01,"**",IF(C8<0.05,"*","ns"))) -> *** | D9: Formula: =IF(C8<0.001,"***", IF(C8<0.01,"**", IF(C8<0.05,"*","ns"))) Standard significance stars: *** p<0.001 | ** p<0.01 | * p<0.05 | ns
A10: B10 | B10: Cramers_V | C10: =SQRT(C6/(C15*(8-1))) -> 0.1611244 | D10: Formula: =SQRT(C6 / (C15 * 7)) Cramers V = sqrt(chi2 / (N * (k-1))) where k = 8 phenotype categories. Uses k-1 = 7 as correction (NOT the standard 2x2 formula sqrt(chi2/N) = 0.426).
A11: B11 | B11: Mutual_Info_bits | C11: =SUM(E23:E30) -> 0.13918198 | D11: Formula: =SUM(E23:E30) Sum of per-cell mutual information contributions (column E). Each cell: (O_i/N) * log2(O_i / E_i). Total in bits.
A12: B12 | B12: Independent | C12: =IF(C8<0.05,"No","Yes") -> No | D12: Formula: =IF(C8<0.05, "No", "Yes") Independence rejected when p < alpha = 0.05. chi2 = 3272, df = 4, p approx 0 → Not independent.
A14: Marginal Probabilities (inputs to Expected count formula)
A15: B14 | B15: N (total EVs) | C15: =SUM(B23:B30) -> 18007
A16: B15 | B16: p_CD9 | C16: =(B23+B24+B25+B26)/C15 -> 0.50652524
A17: B16 | B17: p_CD81 | C17: =(B23+B24+B27+B28)/C15 -> 0.33126007
A18: B17 | B18: p_CD63 | C18: =(B23+B25+B27+B29)/C15 -> 0.22974399
A21: Part 2 — Per-Phenotype Calculations (drives Chi², Cramér's V and Mutual Information above)
A22: Phenotype (CD9/CD81/CD63) | B22: Observed Count (O) | C22: Expected Count E = N×pA×pB×pC | D22: (O−E)²/E → χ² contribution | E22: P_obs × log₂(P_obs/P_exp) → MI contribution (bits)
A23: +/+/+ | B23: 1169 | C23: =C15*C16*C17*C18 -> 694.15378 | D23: =(B23-C23)^2/C23 -> 324.82561 | E23: =(B23/C15)*LOG(B23/C23,2) -> 0.048815842
A24: +/+/− | B24: 3616 | C24: =C15*C16*C17*(1-C18) -> 2327.2693 | D24: =(B24-C24)^2/C24 -> 713.63761 | E24: =(B24/C15)*LOG(B24/C24,2) -> 0.12766678
A25: +/−/+ | B25: 740 | C25: =C15*C16*(1-C17)*C18 -> 1401.3411 | D25: =(B25-C25)^2/C25 -> 312.10965 | E25: =(B25/C15)*LOG(B25/C25,2) -> -0.037857286
A26: +/−/− | B26: 3596 | C26: =C15*C16*(1-C17)*(1-C18) -> 4698.2358 | D26: =(B26-C26)^2/C26 -> 258.59149 | E26: =(B26/C15)*LOG(B26/C26,2) -> -0.077029548
A27: −/+/+ | B27: 187 | C27: =C15*(1-C16)*C17*C18 -> 676.26911 | D27: =(B27-C27)^2/C27 -> 353.97781 | E27: =(B27/C15)*LOG(B27/C27,2) -> -0.01925932
A28: −/+/− | B28: 993 | C28: =C15*(1-C16)*C17*(1-C18) -> 2267.3078 | D28: =(B28-C28)^2/C28 -> 716.20643 | E28: =(B28/C15)*LOG(B28/C28,2) -> -0.065684281
A29: −/−/+ | B29: 2041 | C29: =C15*(1-C16)*(1-C17)*C18 -> 1365.236 | D29: =(B29-C29)^2/C29 -> 334.48944 | E29: =(B29/C15)*LOG(B29/C29,2) -> 0.065754254
A30: −/−/− | B30: 5665 | C30: =C15*(1-C16)*(1-C17)*(1-C18) -> 4577.1871 | D30: =(B30-C30)^2/C30 -> 258.52929 | E30: =(B30/C15)*LOG(B30/C30,2) -> 0.096775546
A31: TOTAL | B31: =SUM(B23:B30) -> 18007 | C31: =SUM(C23:C30) -> 18007 | D31: =SUM(D23:D30) -> 3272.3673 | E31: =SUM(E23:E30) -> 0.13918198
A33: NOTES: C15 = N (total EVs; = SUM of observed counts in B23:B30). C16 = p_CD9, C17 = p_CD81, C18 = p_CD63 — computed from observed counts. Column C (rows 23–30) = expected counts under full independence: E = N × P(CD9) × P(CD81) × P(CD63). Column D sums to Chi² (C6). Column E sums to Mutual Information in bits (C11). Cramér's V (C10) = SQRT(Chi²/(N×7)) — k=8 phenotype categories, so k−1=7. All blue cells contain live Excel formulas. Changing observed counts (B23:B30) recalculates everything.

Sheet Table S2F
A1: Table S2F. Candidate Model Formula Table — Population Structure and Assortment Mode
A2: General formula per population: P(i,j,k) = pi·pj·pk + εi·εj · D(CD9/CD81) · pk + εi·εk · D(CD9/CD63) · pj + εj·εk · D(CD81/CD63) · pi
A3: Option | B3: Assortment Mode | C3: Pop 1 (background) | D3: Pop 1 — D terms (linked only) | E3: Pop 2 (CD63-high) | F3: Pop 3 (CD9-high) | G3: k (free params) | H3: Notes
A4: 1A | B4: Independent | C4: pi_A · pj_A · pk_A | D4: D(CD9/CD81) = 0 D(CD9/CD63) = 0 D(CD81/CD63) = 0 | E4: — not modelled — | F4: — not modelled — | G4: 3 | H4: Baseline: all markers assort independently
A5: 1B | B5: Linked | C5: pi_A · pj_A · pk_A | D5: + εi·εj · DA(CD9/CD81) · pk_A + εi·εk · DA(CD9/CD63) · pj_A | E5: — not modelled — | F5: — not modelled — | G5: 5 | H5: Adds 2 D coefficients to Option 1A
A6: 2A | B6: Independent | C6: fA · pi_A · pj_A · pk_A | D6: D = 0 (all pairs) | E6: fB · pi_B · pj_B · pk_B | F6: — not modelled — | G6: 7 | H6: Pop 2 = CD63-high subpopulation (~2.83% of EVs)
A7: 2B | B7: Linked | C7: fA · pi_A · pj_A · pk_A | D7: Pop 1: + εi·εj · DA(CD9/CD81) · pk_A + εi·εk · DA(CD9/CD63) · pj_A Pop 2: + εi·εj · DB(CD9/CD81) · pk_B | E7: fB · pi_B · pj_B · pk_B + εi·εj · DB(CD9/CD81) · pk_B | F7: — not modelled — | G7: 10 | H7: Separate D coefficients for each population
A8: 3A | B8: Independent | C8: fA · pi_A · pj_A · pk_A | D8: D = 0 (all pairs) | E8: fB · pi_B · pj_B · pk_B | F8: fC · pi_C · pj_C · pk_C | G8: 11 | H8: Pop 3 = CD9-high subpopulation (~1.81% of EVs)
A9: 3B | B9: Linked | C9: fA · pi_A · pj_A · pk_A | D9: Pop 1: + εi·εj · DA(CD9/CD81) · pk_A + εi·εk · DA(CD9/CD63) · pj_A Pop 2: + εi·εj · DB(CD9/CD81) · pk_B Pop 3: + εj·εk · DC(CD81/CD63) · pi_C | E9: fB · pi_B · pj_B · pk_B + εi·εj · DB(CD9/CD81) · pk_B | F9: fC · pi_C · pj_C · pk_C + εj·εk · DC(CD81/CD63) · pi_C | G9: 15 | H9: Most complex model; rejected by BIC (ΔBIC = 20.5)
A10: Notation: pi_X, pj_X, pk_X = marginal probabilities P(CD9=i), P(CD81=j), P(CD63=k) in population X. fB, fC = mixing fractions (fraction of all EVs in Pop 2 or C). DA, DB, DC = linkage disequilibrium coefficient D fitted within each population (absent cell = 0). εx = +1 if x=+, −1 if x=−. k = total free parameters. Blue shading = linked assortment models.

Sheet Table S2G
A1: Table S2G. L2 Regularization Path Analysis — LOO-RMSE vs Regularization Weight (All Four Multi-Population Models)
A2: Regularization penalizes fB and fC (population mixing fractions) toward their CNV-derived prior values. Options 1A and 1B are omitted — they have no population fraction parameters to regularize. Options 2A and 3A (independent assortment) are included because they also carry fB/fC parameters. LOO-RMSE = leave-one-replicate-out RMSE across 5 technical replicates. Δ = change from reg = 0 baseline. ★ marks the nominal setting used in the analysis (reg = 0.01).
A5: Stage A — Coarse Grid (reg weights: 0, 10, 50, 100, 500, 1000, 2000)
A6: Reg Weight | B6: Option 2A | D6: Option 2B | F6: Option 3A | H6: Option 3B
B7: LOO-RMSE | C7: Δ | D7: LOO-RMSE | E7: Δ | F7: LOO-RMSE | G7: Δ | H7: LOO-RMSE | I7: Δ
A8: 0 | B8: 196.6564 | C8: — | D8: 65.536 | E8: — | F8: 193.6535 | G8: — | H8: 63.9031 | I8: —
A9: 10 | B9: 196.6637 | C9: 0.0073 | D9: 65.6855 | E9: 0.1495 | F9: 194.7648 | G9: 1.1113 | H9: 64.3976 | I9: 0.4945
A10: 50 | B10: 196.6639 | C10: 0.0075 | D10: 65.6947 | E10: 0.1587 | F10: 195.0522 | G10: 1.3987 | H10: 64.4363 | I10: 0.5332
A11: 100 | B11: 196.6638 | C11: 0.0074 | D11: 65.6966 | E11: 0.1606 | F11: 195.0836 | G11: 1.4301 | H11: 64.4423 | I11: 0.5392
A12: 500 | B12: 196.6637 | C12: 0.0073 | D12: 65.6948 | E12: 0.1588 | F12: 195.1081 | G12: 1.4546 | H12: 64.444 | I12: 0.5409
A13: 1000 | B13: 196.664 | C13: 0.0076 | D13: 65.6952 | E13: 0.1592 | F13: 195.1114 | G13: 1.4579 | H13: 64.4496 | I13: 0.5465
A14: 2000 | B14: 196.6641 | C14: 0.0077 | D14: 65.6961 | E14: 0.1601 | F14: 195.1129 | G14: 1.4594 | H14: 64.4452 | I14: 0.5421
A15: ★ = nominal reg weight used in analysis (0.01) — falls between 0 and 10 on this grid; results at reg=10 provide an upper bound on its effect. Blue highlight (reg=0) = optimal weight. Δ = LOO-RMSE minus baseline at reg=0. Green Δ = worsening of fit.
A17: Stage B — Fine Grid (reg weights: 0, 0.001, 0.01, 0.1, 0.5, 1.0)
A18: Reg Weight | B18: Option 2A | D18: Option 2B | F18: Option 3A | H18: Option 3B
B19: LOO-RMSE | C19: Δ | D19: LOO-RMSE | E19: Δ | F19: LOO-RMSE | G19: Δ | H19: LOO-RMSE | I19: Δ
A20: 0 | B20: 196.6564 | C20: — | D20: 65.536 | E20: — | F20: 193.6535 | G20: — | H20: 63.9031 | I20: —
A21: 0.001 | B21: 196.6565 | C21: 0.0001 | D21: 65.5347 | E21: -0.0013 | F21: 193.6535 | G21: 0 | H21: 63.9098 | I21: 0.0067
A22: 0.01 ★ | B22: 196.6565 | C22: 0.0001 | D22: 65.5361 | E22: 0.0001 | F22: 193.6534 | G22: -0.0001 | H22: 63.9068 | I22: 0.0037
A23: 0.1 | B23: 196.6602 | C23: 0.0038 | D23: 65.5368 | E23: 0.0008 | F23: 193.6575 | G23: 0.004 | H23: 63.9093 | I23: 0.0062
A24: 0.5 | B24: 196.661 | C24: 0.0046 | D24: 65.5423 | E24: 0.0063 | F24: 193.6607 | G24: 0.0072 | H24: 63.9197 | I24: 0.0166
A25: 1 | B25: 196.6626 | C25: 0.0062 | D25: 65.6042 | E25: 0.0682 | F25: 193.6637 | G25: 0.0102 | H25: 63.9971 | I25: 0.094
A26: ★ = nominal reg weight (0.01). LOO-RMSE difference from baseline at this setting: 2A: +0.0001 (+0.00005%), 2B: +0.0001 (+0.0002%), 3A: −0.0001 (−0.00005%), 3B: +0.0037 (+0.006%). All changes are below the LOO-RMSE standard deviation (~17–19 units) by a factor of >1,000. Conclusion: reg = 0.01 is functionally equivalent to reg = 0 for all four models.
A28: Maximum % Change in LOO-RMSE Across Full Weight Range (reg=0 to reg=2000)
A29: Model | D29: Baseline LOO-RMSE (reg=0) | G29: Max ΔRMSE (at reg=2000) | J29: Max % Change | M29: Interpretation
A30: 2A (Independent) | D30: 196.6564 | G30: 0.0077 | J30: 0.0039154586 | M30: No meaningful change — penalty has near-zero leverage
A31: 2B (Linked ★) | D31: 65.536 | G31: 0.1601 | J31: 0.24429321 | M31: Largest % change; still <0.25% — negligible
A32: 3A (Independent) | D32: 193.6535 | G32: 1.4594 | J32: 0.75361406 | M32: Moderate Δ but <0.8% — within RMSE noise
A33: 3B (Linked) | D33: 63.9031 | G33: 0.5465 | J33: 0.85520108 | M33: Detectable but <0.9% — no practical effect

Sheet Table S2H
A1: Table S2H. L2 Regularization Penalty Summary — Nominal reg_weight = 0.01 (N = 18,007 EVs)
A2: Model | B2: Regularized params | C2: f_B deviation | D2: f_C deviation | E2: Total penalty (NLL units) | F2: Total NLL | G2: Penalty / NLL
A3: 2A | B3: f_B only | C3: 2.9e-05 | D3: N/A | E3: 1.51 × 10⁻⁷ | F3: 33612 | G3: 4.5 × 10⁻¹²
A4: 2B | B4: f_B only | C4: 2.9e-05 | D4: N/A | E4: 1.51 × 10⁻⁷ | F4: 31932 | G4: 4.7 × 10⁻¹²
A5: 3A | B5: f_B and f_C | C5: 2.9e-05 | D5: 2e-06 | E5: 1.52 × 10⁻⁷ | F5: 33567 | G5: 4.5 × 10⁻¹²
A6: 3B | B6: f_B and f_C | C6: 2.9e-05 | D6: 2e-06 | E6: 1.52 × 10⁻⁷ | F6: 31916 | G6: 4.8 × 10⁻¹²
A8: L2 Regularization: Design, Testing, and Determination of Optimal Weight = 0

Sheet Table S2I
A1: Table S2I. Model Selection — All Six Candidate Models (N = 18,007 EVs; 5 technical replicates)
A2: Model | D2: Information Criteria | O2: LOO Cross-Validation | S2: Selection
A3: Option | B3: Assortment | C3: k (params) | D3: AIC | E3: ΔAIC | F3: Raw AIC Weight exp(−0.5×ΔAIC) | G3: AIC Posterior Weight % | H3: BIC | I3: ΔBIC | J3: Raw BIC Weight exp(−0.5×ΔBIC) | K3: BIC Posterior Weight % | L3: χ²_GOF | M3: In-sample RMSE | N3: In-sample R² | O3: LOO-RMSE ± SD | P3: LOO-R² | Q3: D(CD9/CD81) CV | R3: fB CV | S3: Notes
A4: 1A | B4: Independent | C4: 3 | D4: 67247.6 | E4: 3385.6 | F4: =EXP(-0.5*E4) -> 0 | G4: =F4/SUM($F$4:$F$9)*100 -> 0 | H4: 67271 | I4: 3312.5 | J4: =EXP(-0.5*I4) -> 0 | K4: =J4/SUM($J$4:$J$9)*100 -> 0 | L4: 3272.4 | M4: 938.2 | N4: 0.714 | O4: 196.7 ± 60.0 | P4: 0.669 | Q4: — | R4: — | S4: Excluded
A5: 1B | B5: Linked | C5: 5 | D5: 63919.5 | E5: 57.5 | F5: =EXP(-0.5*E5) -> 3.2661313e-13 | G5: =F5/SUM($F$4:$F$9)*100 -> 3.2658744e-11 | H5: 63958.5 | I5: 0 | J5: =EXP(-0.5*I5) -> 1 | K5: =J5/SUM($J$4:$J$9)*100 -> 54.982331 | L5: 136.2 | M5: 28.2 | N5: 0.993 | O5: 68.0 ± 17.3 | P5: 0.947 | Q5: 0.122 | R5: — | S5: BIC best
A6: 2A | B6: Independent | C6: 7 | D6: 67238.1 | E6: 3376 | F6: =EXP(-0.5*E6) -> 0 | G6: =F6/SUM($F$4:$F$9)*100 -> 0 | H6: 67292.6 | I6: 3334.2 | J6: =EXP(-0.5*I6) -> 0 | K6: =J6/SUM($J$4:$J$9)*100 -> 0 | L6: 3256.4 | M6: 937.9 | N6: 0.715 | O6: 196.7 ± 59.9 | P6: 0.668 | Q6: — | R6: 0.122 | S6: Excluded
A7: 2B | B7: Linked | C7: 10 | D7: 63880.9 | E7: 18.9 | F7: =EXP(-0.5*E7) -> 7.8689565e-05 | G7: =F7/SUM($F$4:$F$9)*100 -> 0.0078683374 | H7: 63958.9 | I7: 0.4 | J7: =EXP(-0.5*I7) -> 0.81873075 | K7: =J7/SUM($J$4:$J$9)*100 -> 45.015725 | L7: 90.4 | M7: 22.9 | N7: 0.995 | O7: 65.5 ± 18.4 | P7: 0.949 | Q7: 0.123 | R7: 0.141 | S7: ★ Preferred
A8: 3A | B8: Independent | C8: 11 | D8: 67155.8 | E8: 3293.8 | F8: =EXP(-0.5*E8) -> 0 | G8: =F8/SUM($F$4:$F$9)*100 -> 0 | H8: 67241.6 | I8: 3283.1 | J8: =EXP(-0.5*I8) -> 0 | K8: =J8/SUM($J$4:$J$9)*100 -> 0 | L8: 3170.5 | M8: 185.7 | N8: 0.722 | O8: 193.7 ± 59.1 | P8: 0.678 | Q8: — | R8: 0.110 | S8: Excluded
A9: 3B | B9: Linked | C9: 15 | D9: 63862 | E9: 0 | F9: =EXP(-0.5*E9) -> 1 | G9: =F9/SUM($F$4:$F$9)*100 -> 99.992132 | H9: 63979 | I9: 20.5 | J9: =EXP(-0.5*I9) -> 3.5357501e-05 | K9: =J9/SUM($J$4:$J$9)*100 -> 0.0019440378 | L9: 61.8 | M9: 18.3 | N9: 0.996 | O9: 63.9 ± 19.1 | P9: 0.951 | Q9: 0.121 | R9: 0.141 | S9: AIC best
A10: k = free parameters. ΔAIC = AIC(model) − min(AIC); reference = Option 3B. ΔBIC = BIC(model) − min(BIC); reference = Option 1B. Raw AIC Weight = exp(−0.5 × ΔAIC); computed by live Excel formula in column F. AIC Posterior Weight % = AIC Weight / Σ(all AIC Weights) × 100; live formula in column G — values sum to 100% across all six models. Raw BIC Weight = exp(−0.5 × ΔBIC); computed by live Excel formula in column J. BIC Posterior Weight % = BIC Weight / Σ(all BIC Weights) × 100; live formula in column K — values sum to 100% across all six models. χ²_GOF = in-sample Pearson goodness-of-fit chi-square. In-sample RMSE and R² measure fit to estimation data. LOO-RMSE ± SD and LOO-R² measure predictive accuracy on held-out replicates (5-fold LOO). D(CD9/CD81) CV = coefficient of variation of CD9–CD81 linkage coefficient across 5 replicate fits. fB CV = CV of Population 2 mixing fraction across replicates. Green shading = BIC-best parsimonious model (1B). Blue shading = biologically preferred model (2B). Gold shading = AIC-best model (3B).

Sheet Table S2J
A1: Table S2J. Likelihood Ratio Tests — Nested Model Comparisons
A2: Comparison | B2: Simple | C2: Complex | D2: NLL (simple) | E2: NLL (complex) | F2: Δk | G2: LRT | H2: ΔNLL per parameter | I2: p-value | J2: ΔBIC | K2: Interpretation
A3: 1A→1B | B3: Option 1A | C3: Option 1B | D3: 33620.8 | E3: 31954.7 | F3: 2 | G3: 3332.1 | H3: =(D3-E3)/F3 -> 833.05 | I3: < 10⁻¹⁰ | J3: -3312.5 | K3: Adding D coefficients overwhelmingly supported. All linked models warrant D terms.
A4: 2A→2B | B4: Option 2A | C4: Option 2B | D4: 33612 | E4: 31930.5 | F4: 3 | G4: 3363.1 | H4: =(D4-E4)/F4 -> 560.5 | I4: < 10⁻¹⁰ | J4: -3333.8 | K4: Adding D coefficients to 2-population model overwhelmingly supported.
A5: 3A→3B | B5: Option 3A | C5: Option 3B | D5: 33566.9 | E5: 31916 | F5: 4 | G5: 3301.8 | H5: =(D5-E5)/F5 -> 412.725 | I5: < 10⁻¹⁰ | J5: -3262.6 | K5: Adding D coefficients to 3-population model overwhelmingly supported.
A6: 1B→2B | B6: Option 1B | C6: Option 2B | D6: 31954.7 | E6: 31930.5 | F6: 5 | G6: 48.6 | H6: =(D6-E6)/F6 -> 4.84 | I6: < 10⁻¹⁰ | J6: +0.4 | K6: Pop 2 is detectable by LRT but ΔBIC = 0.4 < 2: models statistically indistinguishable by BIC.
A7: 2B→3B | B7: Option 2B | C7: Option 3B | D7: 31930.5 | E7: 31916 | F7: 5 | G7: 28.9 | H7: =(D7-E7)/F7 -> 2.9 | I7: 2.4×10⁻⁵ | J7: +20.1 | K7: Pop 3 detectable by LRT but ΔBIC = 20.1 >> 10: Option 3B strongly rejected by BIC.
A8: 1B→3B | B8: Option 1B | C8: Option 3B | D8: 31954.7 | E8: 31916 | F8: 10 | G8: 77.5 | H8: =(D8-E8)/F8 -> 3.87 | I8: < 10⁻¹⁰ | J8: +20.5 | K8: Both sub-populations detectable but ΔBIC = 20.5 >> 10: Option 3B strongly rejected.
A9: LRT statistic = 2×(NLL_simple − NLL_complex). ΔNLL per param = (NLL_simple − NLL_complex) / Δk; BIC break-even = ln(N) = 9.80 units per parameter ~ χ²(Δk) under H₀. At N=18,007 the LRT detects all real improvements; BIC (ln(N)=9.80 penalty per parameter) is the correct selection criterion. ΔBIC < 2 = indistinguishable; ΔBIC > 10 = very strong evidence against complex model (Kass & Raftery 1995). Green = strongly avour complex. Blue = ambiguous (BIC). Red = reject complex by BIC.

Sheet Table S2K
A1: Table S2K. Observed vs Predicted Phenotype Frequencies — All Six Candidate Models (N = 18,007 EVs pooled across 5 technical replicates)
A2: Observed Data (pooled) | E2: Option 1A Independent, 1 population k=3 | Excluded | J2: Option 1B Linked, 1 population k=5 | BIC-best | O2: Option 2A Independent, 2 populations k=7 | Excluded | T2: Option 2B Linked, 2 populations k=10 | ★ Preferred | Y2: Option 3A Independent, 3 populations k=11 | Excluded | AD2: Option 3B Linked, 3 populations k=15 | AIC-best
A3: Phenotype (CD9/CD81/CD63) | B3: Observed n | C3: Observed % | D3: Observed SD† | E3: Predicted % | F3: Predicted SD‡ | G3: Predicted n | H3: 95% CI Low % | I3: 95% CI High % | J3: Predicted % | K3: Predicted SD‡ | L3: Predicted n | M3: 95% CI Low % | N3: 95% CI High % | O3: Predicted % | P3: Predicted SD‡ | Q3: Predicted n | R3: 95% CI Low % | S3: 95% CI High % | T3: Predicted % | U3: Predicted SD‡ | V3: Predicted n | W3: 95% CI Low % | X3: 95% CI High % | Y3: Predicted % | Z3: Predicted SD‡ | AA3: Predicted n | AB3: 95% CI Low % | AC3: 95% CI High % | AD3: Predicted % | AE3: Predicted SD‡ | AF3: Predicted n | AG3: 95% CI Low % | AH3: 95% CI High %
A4: +/+/+ | B4: 1169 | C4: 0.064919198 | D4: 0.015087774 | E4: 0.038549 | F4: 0.0025535714 | G4: 694 | H4: 0.033163 | I4: 0.043173 | J4: 0.055614 | K4: 0.0055846939 | L4: 1001 | M4: 0.04511 | N4: 0.067002 | O4: 0.037633 | P4: 0.0025982143 | Q4: 678 | R4: 0.032541 | S4: 0.042726 | T4: 0.056825 | U4: 0.0052030612 | V4: 1023 | W4: 0.047276 | X4: 0.067672 | Y4: 0.03757 | Z4: 0.0026204082 | AA4: 677 | AB4: 0.03243 | AC4: 0.042702 | AD4: 0.059349 | AE4: 0.0050892857 | AF4: 1069 | AG4: 0.049888 | AH4: 0.069838
A5: +/+/- | B5: 3616 | C5: 0.2008108 | D5: 0.013460238 | E5: 0.129242 | F5: 0.0044489796 | G5: 2327 | H5: 0.118473 | I5: 0.135913 | J5: 0.2101 | K5: 0.0057530612 | L5: 3783 | M5: 0.1971 | N5: 0.219652 | O5: 0.130212 | P5: 0.004572449 | Q5: 2345 | R5: 0.119527 | S5: 0.137451 | T5: 0.207942 | U5: 0.0055831633 | V5: 3744 | W5: 0.195133 | X5: 0.217019 | Y5: 0.130856 | Z5: 0.0045206633 | AA5: 2356 | AB5: 0.120347 | AC5: 0.138068 | AD5: 0.205416 | AE5: 0.0056234694 | AF5: 3699 | AG5: 0.192555 | AH5: 0.214599
A6: +/-/+ | B6: 740 | C6: 0.04109513 | D6: 0.0099236239 | E6: 0.077822 | F6: 0.0032257653 | G6: 1401 | H6: 0.070973 | I6: 0.083618 | J6: 0.050399 | K6: 0.0036428571 | L6: 908 | M6: 0.042559 | N6: 0.056839 | O6: 0.077097 | P6: 0.0032012755 | Q6: 1388 | R6: 0.070326 | S6: 0.082875 | T6: 0.048673 | U6: 0.0034260204 | V6: 876 | W6: 0.040996 | X6: 0.054426 | Y6: 0.076611 | Z6: 0.0032188776 | AA6: 1380 | AB6: 0.069795 | AC6: 0.082413 | AD6: 0.046089 | AE6: 0.0033660714 | AF6: 830 | AG6: 0.038546 | AH6: 0.051741
A7: +/-/- | B7: 3596 | C7: 0.19970012 | D7: 0.044510411 | E7: 0.260912 | F7: 0.011969643 | G7: 4698 | H7: 0.235515 | I7: 0.282436 | J7: 0.190398 | K7: 0.014450255 | L7: 3428 | M7: 0.158528 | N7: 0.215173 | O7: 0.261588 | P7: 0.011671684 | Q7: 4710 | R7: 0.236704 | S7: 0.282457 | T7: 0.192984 | U7: 0.014628061 | V7: 3475 | W7: 0.160086 | X7: 0.217428 | Y7: 0.260272 | Z7: 0.011655357 | AA7: 4687 | AB7: 0.235434 | AC7: 0.281123 | AD7: 0.195237 | AE7: 0.014151531 | AF7: 3516 | AG7: 0.162882 | AH7: 0.218356
A8: -/+/+ | B8: 187 | C8: 0.01038485 | D8: 0.0036551414 | E8: 0.037556 | F8: 0.0032992347 | G8: 676 | H8: 0.031617 | I8: 0.04455 | J8: 0.016434 | K8: 0.0014846939 | L8: 296 | M8: 0.013668 | N8: 0.019488 | O8: 0.037484 | P8: 0.0031252551 | Q8: 675 | R8: 0.031751 | S8: 0.044002 | T8: 0.015115 | U8: 0.0014191327 | V8: 272 | W8: 0.012353 | X8: 0.017916 | Y8: 0.037177 | Z8: 0.0030859694 | AA8: 669 | AB8: 0.031485 | AC8: 0.043582 | AD8: 0.015057 | AE8: 0.0014204082 | AF8: 271 | AG8: 0.01247 | AH8: 0.018038
A9: -/+/- | B9: 993 | C9: 0.055145221 | D9: 0.013984486 | E9: 0.125913 | F9: 0.0049484694 | G9: 2267 | H9: 0.1171 | I9: 0.136498 | J9: 0.049112 | K9: 0.0029193878 | L9: 884 | M9: 0.043606 | N9: 0.05505 | O9: 0.125888 | P9: 0.0050295918 | Q9: 2267 | R9: 0.117077 | S9: 0.136793 | T9: 0.050646 | U9: 0.0033869898 | V9: 912 | W9: 0.044451 | X9: 0.057728 | Y9: 0.124777 | Z9: 0.0050227041 | AA9: 2247 | AB9: 0.115897 | AC9: 0.135586 | AD9: 0.050658 | AE9: 0.0033132653 | AF9: 912 | AG9: 0.044961 | AH9: 0.057949
A10: -/-/+ | B10: 2041 | C10: 0.11334481 | D10: 0.018561602 | E10: 0.075817 | F10: 0.0048568878 | G10: 1365 | H10: 0.068485 | I10: 0.087524 | J10: 0.107297 | K10: 0.0050017857 | L10: 1932 | M10: 0.098934 | N10: 0.118541 | O10: 0.077197 | P10: 0.004275 | Q10: 1390 | R10: 0.071032 | S10: 0.08779 | T10: 0.108166 | U10: 0.0045293367 | V10: 1948 | W10: 0.100926 | X10: 0.118681 | Y10: 0.07808 | Z10: 0.0042951531 | AA10: 1406 | AB10: 0.071882 | AC10: 0.088719 | AD10: 0.108372 | AE10: 0.0046502551 | AF10: 1951 | AG10: 0.10159 | AH10: 0.119819
A11: -/-/- | B11: 5665 | C11: 0.31459988 | D11: 0.019312651 | E11: 0.254189 | F11: 0.007347449 | G11: 4577 | H11: 0.240675 | I11: 0.269477 | J11: 0.320645 | K11: 0.0066660714 | L11: 5774 | M11: 0.310452 | N11: 0.336583 | O11: 0.2529 | P11: 0.0071329082 | Q11: 4554 | R11: 0.24037 | S11: 0.268331 | T11: 0.319651 | U11: 0.0075647959 | V11: 5756 | W11: 0.309575 | X11: 0.339229 | Y11: 0.254657 | Z11: 0.0070989796 | AA11: 4586 | AB11: 0.242186 | AC11: 0.270014 | AD11: 0.319822 | AE11: 0.0066711735 | AF11: 5759 | AG11: 0.31038 | AH11: 0.336531
A12: TOTAL | B12: 18007 | C12: 1
A13: χ²_GOF (df) | E13: 3272.4 (df=5) | J13: 136.2 (df=2) | O13: 3256.4 (df=1) | T13: 90.4 (df=-2) | Y13: 3170.5 (df=-3) | AD13: 61.8 (df=-7)
A14: † Observed SD = sample standard deviation of per-replicate phenotype frequencies across 5 technical replicates (ddof=1). ‡ Predicted SD = (95% CI upper − 95% CI lower) / 3.92, derived from bootstrap 95% CI under the normal approximation. 95% CI = profile likelihood confidence interval on predicted phenotype frequency. Red bold predicted % = observed frequency falls outside the model's 95% CI. df_GOF = 8 phenotype bins − k free parameters; negative df indicates model has more parameters than phenotype bins. All six models show all phenotypes within their 95% CIs. Linked models (1B, 2B, 3B) show dramatically lower χ²_GOF than independent models (1A, 2A, 3A), confirming that the D linkage parameter is required to account for CD9–CD81 co-occurrence.

Sheet Table S2L
A1: Table S2L. Linkage Disequilibrium Coefficients D — MLE, SD, and 95% Confidence Intervals
A2: Model | B2: Marker Pair | C2: Population | D2: D (MLE) | E2: SD (per-replicate) | F2: % of D_max | G2: Profile CI 95% Lower | H2: Profile CI 95% Upper | I2: Bootstrap CI 95% Lower | J2: Bootstrap CI 95% Upper | K2: Interpretation
A3: 1B | B3: CD9/CD81 | C3: Pop 1 | D3: +0.097927 | E3: 0.012075 | F3: 59.9% | G3: +0.094763 | H3: +0.099826 | I3: +0.090450 | J3: +0.105291 | K3: Strong positive; 60% of D_max. Primary signal.
A4: 1B | B4: CD9/CD63 | C4: Pop 1 | D4: -0.010355 | E4: 0.008059 | F4: 8.9% | G4: -0.012254 | H4: -0.008456 | I4: -0.016777 | J4: -0.004489 | K4: Weak mutual exclusion; 9% of |D_min|.
A5: 2B | B5: CD9/CD81 | C5: Pop 2 | D5: +0.163468 | E5: 0.007739 | F5: 100.0% | G5: +0.157131 | H5: +0.163458 | I5: +0.163468 | J5: +0.163468 | K5: AT theoretical maximum. Saturating co-packaging in Pop 2.
A6: 2B | B6: CD9/CD81 | C6: Pop 1 | D6: +0.095454 | E6: 0.011851 | F6: 58.4% | G6: +0.092289 | H6: +0.098619 | I6: +0.088073 | J6: +0.103933 | K6: Strong positive; 58% of D_max. Background population.
A7: 2B | B7: CD9/CD63 | C7: Pop 1 | D7: -0.010493 | E7: 0.008316 | F7: 9.0% | G7: -0.013657 | H7: -0.007328 | I7: -0.016867 | J7: -0.004557 | K7: Consistent with 1B estimate.
A8: 3B | B8: CD9/CD81 | C8: Pop 2 | D8: +0.163468 | E8: 0.013592 | F8: 100.0% | G8: +0.155232 | H8: +0.163458 | I8: +0.163468 | J8: +0.163468 | K8: AT theoretical maximum. Consistent with 2B.
A9: 3B | B9: CD9/CD81 | C9: Pop 3 | D9: [0, 0] | E9: — | F9: — | G9: — | H9: — | I9: 0.000000 | J9: 0.000000 | K9: Boundary saturation: P(CD9+)=1 forces φ=0 by construction. Bootstrap CI is a point mass at zero.
A10: 3B | B10: CD9/CD63 | C10: Pop 3 | D10: [0, 0] | E10: — | F10: — | G10: — | H10: — | I10: 0.000000 | J10: 0.000000 | K10: Boundary saturation: P(CD9+)=1 forces φ=0 by construction. Bootstrap CI is a point mass at zero.
A11: 3B | B11: CD81/CD63 | C11: Pop 3 | D11: +0.153639 | E11: 0.012064 | F11: 100.0% | G11: +0.120724 | H11: +0.153629 | I11: +0.153639 | J11: +0.153639 | K11: Near theoretical maximum (100%). Strong linkage in Pop 3.
A12: 3B | B12: CD9/CD81 | C12: Pop 1 | D12: +0.097470 | E12: 0.011923 | F12: 59.6% | G12: +0.094306 | H12: +0.100635 | I12: +0.090199 | J12: +0.106002 | K12: Consistent with 1B and 2B Pop 1.
A13: 3B | B13: CD9/CD63 | C13: Pop 1 | D13: -0.010653 | E13: 0.008625 | F13: 9.2% | G13: -0.013818 | H13: -0.007488 | I13: -0.017859 | J13: -0.004490 | K13: Consistent across all linked models.
A14: D = P(A+,B+) − P(A+)×P(B+). D>0: co-occurrence excess. D<0: mutual exclusion. SD (per-replicate) = sample standard deviation of D fitted independently to each of 5 technical replicates (ddof=1). For Pop 2 and Pop 3 parameters at the theoretical boundary, SD reflects boundary saturation across replicates. % of D_max = |D_MLE| / |D_max| where D_max = min[P(A+)·P(B−), P(B+)·P(A−)]. Profile CIs: grid search with ΔNLL threshold = 1.92 = ½×χ²₀.₀₅(df=1) (Wilks' theorem). Bootstrap CIs: 1,000 multinomial resamples from pooled data. Identical upper/lower bootstrap bounds = MLE at theoretical boundary. Blue = Option 1B. Green = Option 2B. Orange = Option 3B. Gold = SD column. | φ (phi) = equivalent LD coefficient used internally; D reported here for all estimable pairs. Rows marked "[0, 0]" indicate boundary saturation: the structural constraint P(CD9+) = 1.0 for Population 3 forces φ(CD9/CD81) and φ(CD9/CD63) to zero by definition. Bootstrap CIs for these parameters are point masses at zero, confirming boundary saturation rather than estimation imprecision; these pairs are excluded from the D column as D is undefined when a marginal probability equals 1.
